Legendary Giveback Cheerwine The Avett Brothers,$7285,http://facebook.com/cheerwine,http://twitter.com/drinkcheerwine,https://www.youtube.com/channel/UCxEgc0ua9rI32D_CoaeF48g,http://www.cheerwine.com
Operation Refugee Child  12,$69896,https://www.facebook.com/Operationrefugeechild/,https://twitter.com/oprefugeechild,http://www.operationrefugeechild.org
Carry The Future S Baby Carriers For Refugees,$176041,http://www.facebook.com/carrythefuture,https://twitter.com/Carry_theFuture,http://www.carrythefuture.org
Not Your Typical Exchange,$29629,https://www.facebook.com/sarusprogram?fref=ts,https://twitter.com/Sarusprogram,https://www.youtube.com/channel/UCt_mBvlzCoqElxF5z7WG_jQ,http://www.sarusprogram.org
Aic Legal Fighting For Intersex Children S Rights,$7499,http://facebook.com/aiclaw,http://twitter.com/aiclegal,http://www.youtube.com/aiclegal,http://www.aiclegal.org
Word Up Community Bookshop Para Siempre,$27264,https://www.facebook.com/WordUpBooks,https://twitter.com/wordupbooks,https://www.youtube.com/wordupbooks,https://wordupbooks.wordpress.com/
Pet Divorce Court Cats Dogs,$12612,https://www.facebook.com/PetDivorceCourt/,https://twitter.com/HammadHZaidi,https://www.youtube.com/channel/UCy8QBtZ6MPQtHLdv_2iTORg,http://www.imdb.com/name/nm0952060/?ref_=fn_al_nm_1,https://www.facebook.com/PetDivorceCourt/
Permaculture Action Network Rising Appalachia Music,$16982,https://www.facebook.com/permacultureaction/,https://twitter.com/PermaAction,https://www.youtube.com/channel/UClGVZjz47wO0Ezq1UzZaV-Q,http://www.permacultureaction.org/
Planting Zen The May Sit,$54274,https://www.facebook.com/dharmarainzencenter?ref=bookmarks,http://twitter.com/DRZC_pdx,https://www.youtube.com/watch?v=l7DaYNJ3nqA,http://dharma-rain.org/
Hamro Nepal International Benefit Concert,$104582,https://www.facebook.com/events/1448682675430407/,https://twitter.com/TamuSocietyNYC,http://www.gurungs.org
Help Technocopia Relocate And Expand,$16311,https://www.facebook.com/Technocopia,https://twitter.com/technocopia,http://technocopia.org/
Camp Shiny Back To Playa 2016 Autism,$3213,https://www.facebook.com/LiberationPrisonYoga?ref=hl,https://twitter.com/PrisonYogaNY,http://liberationprisonyoga.com
Liberation Prison Yoga Community,$32091,https://www.facebook.com/pages/Wise-Fool-New-Mexico/144834638889177?fref=nf,http://wisefoolnm.org
Wise Fool S New Circus Home,$30125,https://www.facebook.com/lemonadedayportland,https://twitter.com/itslemonadeday,http://portland.lemonadeday.org/
Lemonade Day Oregon,$12735,https://www.facebook.com/tullauncastle/,https://twitter.com/tullauncastle?lang=en,https://www.youtube.com/channel/UCl0wPaFEar8Xu1bAYgoqQ4A,http://www.tullauncastle.com
Let S Help This Irish Castle Earn Its Keep  2,$12929,https://www.facebook.com/fablabsd,https://twitter.com/fablabsd,http://www.fablabsd.org/
Fab Lab Relaunch San Diego S Original Makerspace  2,$32360,https://www.facebook.com/cooplemilieu,https://twitter.com/cooplemilieu,http://www.lemilieu.ca
Coop Le Milieu Atelier D Art Communautaire Cafe,$10231,https://www.facebook.com/ChildRescue,https://twitter.com/childrescue_na,http://www.childrescueassociation.org/
Childrescue Undercover Rescue Mission Aftercare  2,$32394,https://www.facebook.com/sleeplessinseattlegiving,https://twitter.com/seattlesleeping,https://www.youtube.com/channel/UCmsUq6FM4dBwyf-nuXyj8Kw,http://www.sleeplessinseattle.org
Sleepless In Seattle 2015 Seattle Gives Back  2,$57555,https://www.facebook.com/AchillesTrackClub?fref=nf,https://www.youtube.com/user/AchillesInternatl,http://achillesinternational.org/
Achilles Kids Achilles International,$100310,https://www.facebook.com/AngelFlightWest,https://twitter.com/AngelFlightWest,https://www.youtube.com/user/angelflightwest,http://www.angelflightwest.org
Angel Flight West,$58020,https://www.facebook.com/pages/Support-Community-Rights-Mining-Resistance-Campaign/610060365790666,https://twitter.com/ENGAGE_usa,http://www.engagegrassroots.org/mining.html
Support Community Rights Mining Resistance,$11236,https://www.facebook.com/Petdompetset,https://twitter.com/Petdom15,http://www.petdom.in
Petdom Man S Best Friend Calling For Help Pets,$10096,https://www.facebook.com/CentruldeTeatruEducational,https://www.youtube.com/channel/UCVcIA66iN2K2VoIrg1M2irw,http://companiareplika.tumblr.com/
Let S Raise The Roof At Replika Educational,$8265,https://www.facebook.com/x3church,https://twitter.com/x3church
Donate Bibles,$54019,https://www.facebook.com/peaceintheparksf,https://twitter.com/Peaceintheparks,https://www.youtube.com/watch?v=dDH56NfOsvU&list=PLdOaSP14_N-axpTpF3nsxIYwkEjUMOVe2&index=5,http://www.peaceintheparksf.org
Peace In The Park Festival Sf 2015,$13255,https://www.facebook.com/mulequetu,http://mulequetu.weebly.com
Pixelhelper Foundation Kampagnenubersicht,$2256,https://www.facebook.com/pages/Washington-II-Washington,https://twitter.com/DavyRothbart,https://www.youtube.com/watch?v=dyAOYr8Y7_Y,https://www.youtube.com/watch?v=dyAOYr8Y7_Y
6th Annual Washington To Washington Hiking Trip,$17267,https://www.facebook.com/stopmassincarcerationnetwork,http://twitter.com/stopmassincnet,https://www.youtube.com/user/ENDStopandFrisk,http://riseupoctober.org
Riseupoctober Stop Police Terror,$103356,https://www.facebook.com/IraqVeteransAgainstTheWar?fref=ts,https://twitter.com/IVAW,https://www.youtube.com/user/ivaw,http://www.ivaw.org/
Drop The Mic,$20864,http://www.facebook.com/dfwkidstarter,http://www.twitter.com/dfwkidstarter,http://www.dfwkidstarter.org
Kidstarter Help Kids Realize Their Creative Dream,$20923,https://www.facebook.com/CitizensCoop/,https://twitter.com/citizenscoop,http://citizensco-op.com
Citizens Co Op Fifth Anniversary  2,$7327,https://www.facebook.com/communitiesfordevelopment/?fref=ts,https://twitter.com/CommunitiesForD,https://www.youtube.com/channel/UC6m-4ucGc80_4FMOM6ynQzg,http://communitiesfordevelopment.org/
Support A Unique Startup Initiative In Africa Innovation,$21844,https://twitter.com/WhyWeWorkHere,http://whyweworkhere.org/
Why We Work Here,$15446,https://www.facebook.com/spirit.open.equestrian.program,https://www.youtube.com/watch?v=LoHmhBUCNXQ,http://www.spiritequestrian.org
Guzgef Solar School Education,$8092,http://www.facebook.com/StopAcidAttacks,http://www.twitter.com/StopAcidAttacks,http://www.youtube.com/StopAcidAttacks,http://www.stopacidattacks.org
Home For Spirit Farm,$17165,https://www.facebook.com/satnamfoundation,https://twitter.com/yogaofservice,https://www.youtube.com/user/spiritvoyage,http://www.satnamfoundation.org
Let S Change 300 Lives Who Faced Acid Attacks,$8049,http://facebook.com/thekulaproject,http://twitter.com/thekulaproject,http://kulaproject.org
Liahona Children S Foundation Fundraiser 2015,$12515,https://www.facebook.com/gora.makerspace/,https://twitter.com/goraspace,https://www.youtube.com/channel/UCOw32uvTuFsFvRgcyOkFHUw,http://www.gora.space/
Kirtan Aid Orphans Of Rishikesh,$51882,https://www.facebook.com/CircusCultureIthaca,http://www.circusculture.org
Kula S Campaign For Family Farmers In Rwanda,$18413,https://www.facebook.com/pages/Fit-To-Recover/424603007671150,https://twitter.com/fit2recover,https://www.youtube.com/watch?v=B2Im_ww26uk,http://www.fit2recover.org/
Gora Makerspace Art,$20552,https://www.facebook.com/themarcsteinershow?fref=ts,http://twitter.com/marcsteiner,http://www.steinershow.org
Circus Culture Ithaca S Very Own Circus School,$27098,https://www.facebook.com/CSAfarmandmarket,https://twitter.com/lifeonmyfarm,http://www.edensorganicgardencenter.com/
Help Build Fit To Recover Reach High Climb Strong,$12647,https://www.facebook.com/groups/KCTHC/,https://twitter.com/TinyHouseKC,http://www.tinyhousecollective.org/
Help Build Center For Emerging Media,$37646,https://www.facebook.com/mixedremixed,https://twitter.com/mixedremixed,https://www.youtube.com/channel/UCNJXzxVW32o6p66tL9ySX2w,http://www.mixedremixed.org/
Feed The Soil Feed The Community,$10265,https://www.facebook.com/refugeecentre.sofia?fref=ts,http://www.sofia-refugeecentre.com
Tiny House Collective Kansas City,$5138,http://facebook.com/thefunkparade,https://twitter.com/funkparade,https://www.youtube.com/channel/UCFhUPFNJiQZll8cDivhYT8g,http://www.funkparade.com
Mixed Remixed Festival,$12703,http://www.facebook.com/ethosspirit,http://www.ethosspirit.com/thankyou
3rd Annual Funk Parade Music,$19035,https://www.facebook.com/pages/Point-B-Design-Training/500512426651772,http://twitter.com/pointBmyanmar,http://www.pointb.is
Break Down Social Barriers Support Our Community,$14670,https://www.facebook.com/EastEndTradesGuild?fref=ts,https://twitter.com/EastEndTrades,https://www.youtube.com/results?search_query=eastendtradesguild,http://eastendtradesguild.org.uk/
Support The Movement To Stop Murder By Police  2,$15816,http://facebook.com/pinolerogo,http://twitter.com/pinolerogo,http://jepras.com/saf/
Pointb Myanmar Change Agents,$15402,https://www.facebook.com/Washington-II-Washington-115574078489914/,http://www.washingtontowashington.org/
Empower Nicaraguan Kids Through Sport,$10405,http://facebook.com/studiotwothree,http://twitter.com/studiotwothree,http://printRVA.org
7th Annual Washington To Washington Hiking Trip Camping,$13500,https://www.facebook.com/maccabifunrun.org/,https://twitter.com/MaccabiFUNRUN,https://www.youtube.com/watch?v=L9ofh1tnUP4,http://maccabifunrun.org/
Weple Is Live Public Private Social Streaming,$1524,http://www.facebook.com/RestOfMyFamily,http://twitter.com/RestOfMyFamily,https://restofmyfamily.wordpress.com/
Help Us Build Studio Two Three The Addition,$15700,https://www.facebook.com/kulturecity,https://twitter.com/kulturec,https://www.youtube.com/channel/UC8NfCh92zCjotceetIACAEA,http://kulturecity.org/
Maccabi Fun Run The World S Leading Charity Event Sport Europe,$9973,http://facebook.com/burmalink,http://twitter.com/burmalink,http://youtube.com/burmalink,http://burmalink.org/
Rest Of My Family Drive For Change,$31696,https://www.facebook.com/TheBrooklynInstitute,https://twitter.com/bklyninstitute,https://thebrooklyninstitute.com
Give Today To Help A Child With Autism,$5890,https://www.facebook.com/ThisIsTheDinnerParty,http://twitter.com/dinnerpartiers,http://www.thedinnerparty.org
Burma S Voices For Change,$1601,http://www.facebook.com/shiftnetwork,http://www.theshiftnetwork.com
Brooklyn Institute Community Initiative Democracy  2,$5201,https://www.facebook.com/pages/Leela-International/270578053005980,https://twitter.com/Leela_Int,http://leelaplay.org
The Dinner Party Next 100,$30793,https://www.facebook.com/pages/Los-Angeles-Worlds-Fair/543396465697684,https://twitter.com/LAWorldsFair,https://www.youtube.com/channel/UCCrmyZJJysFSYVW4_nkidyQ,http://laworldsfair.org
Indigenous Summit Cumbre De Las Americas,$69181,https://www.facebook.com/CommunityBoating,https://twitter.com/sailcbi,http://youtube.com/sailcbi,http://community-boating.org/
Leela Int Helping South Africa Play Create,$15261,http://facebook.com/SidewalkDog,http://twitter.com/SidewalkDog,http://sidewalkdog.com
Los Angeles World S Fair,$51750,https://www.facebook.com/selgonter,https://twitter.com/selgonter,https://www.youtube.com/channel/UCOdxE7LcjkgzYfMekZXyq6Q
Cheers4chairs At Community Boating,$30067,https://www.facebook.com/limerickspring?ref=hl,https://twitter.com/LimerickSpring,https://www.youtube.com/watch?v=B-HKGcoEKDA,http://www.limerickspring.com
Because Dogs Are Family,$43740,https://www.facebook.com/kitforcancer,http://kitforcancer.com
Encuesta Ciudadana,$14682,https://www.facebook.com/NextUpFoundation/,https://twitter.com/nextupfound,https://www.youtube.com/user/nextupfoundation,http://nextupfoundation.org
Kit For Cancer  3,$23492,https://www.facebook.com/gtownradio,https://twitter.com/gtownradio,http://gtownradio.com
Help Take Next Up Foundation To The Next Level Community,$10575,https://www.facebook.com/ParentsCircleFamiliesForum,https://twitter.com/ThePCFF,https://www.youtube.com/user/ThePCFF,http://www.parentscirclefriends.org/
Build The Third Temple  3,$106763,https://www.facebook.com/LadyJusticeBrewing?fref=ts,http://www.twitter.com/LadyJBrewing,http://www.ladyjusticebrewing.com
G Town Radio S Drive For The Sky Lpfm,$6120,https://www.facebook.com/reforestnation,https://twitter.com/Reforestnation,http://reforestnation.org/
If They Can Choose Peace Anyone Can Peace,$15276,http://www.facebook.com/PortlandBonsaiVillage,http://www.crataegus.com
The Lady Justice Brewing Company,$19065,https://www.facebook.com/Oakland-Superheroes-Mural-Project-199761790107085/timeline/,https://twitter.com/AHC_oakland,http://oaklandmuralproject.com/
Help Bonsai Artists Create Their Village,$20650,https://www.facebook.com/pages/Public-Service-Announcement-for-Aspergers/418914751612761?skip_nax_wizard=true,http://asperger-employment.org/
Oakland Superheroes Mural Project,$11771,http://facebook.com/ChineseWhispers06,https://twitter.com/chinesewhisprs,https://www.youtube.com/user/ChineseWhispersOrg,http://chinese-whispers.org
Orphan Homes,$13671,https://www.facebook.com/DryBonesCartoon,https://twitter.com/drybonescartoon,http://www.youtube.com/user/mrdrybones,http://www.drybones.com/
A Public Service Announcement For Aspergers,$26046,https://www.facebook.com/groups/100196277023542/,https://www.youtube.com/channel/UC6KPG_aAvgieVXdEic80MDg
Chinese Whispers Golden Gate Community Theater,$16554,http://facebook.com/ganderservicedog,http://twitter.com/veterantraveler,http://operationfetch.com
Help Fight Antisemitism With The Dry Bones Cartoon,$42289,https://www.facebook.com/ParentsCircleFamiliesForum,https://twitter.com/ThePCFF,https://www.youtube.com/user/ThePCFF,http://www.theparentscircle.org
Jessie Sponberg S Thegarageproject,$3858,https://www.facebook.com/IdleNoMoreCommunity,https://twitter.com/IdleNoMore4,http://www.idlenomore.com
Planned Acts Of Community Kindness,$5961,http://www.facebook.com/cleandropindonesia,http://www.instagram.com/clean.drop
Israeli And Palestinian Women Become Peace Leaders,$16231,http://www.facebook.com/revolutionbooksnyc,http://twitter.com/RevBooksNYC,http://www.revolutionbooksnyc.org
One House Many Nations,$27045,https://www.facebook.com/TheBuffaloInternationalFilmFestival,https://twitter.com/BuffaloFilmFest,https://www.youtube.com/user/buffalofilmfestival,http://www.BuffaloInternationalFilmFestival.com
Jews In All Hues,$8626,http://www.facebook.com/boundlessbiking,https://twitter.com/Boundlessbiking
Clean Drop Indonesia A Social Creative Project,$5135,https://www.facebook.com/magikme,https://twitter.com/MagikMeTeam,http://www.magikme.net
Revolution Books Grand Opening Nov 15 Donate Now,$30598,http://www.facebook.com/reprezentradio,http://www.twitter.com/reprezentradio,http://www.youtube.com/reprezentradio,http://www.reprezent.org.uk
Buffalo International Film Festival 2015,$4600,https://www.facebook.com/ipourlife?fref=ts,https://twitter.com/ipourlife,http://www.ipourlife.org
For The City,$7400,http://facebook.com/solespace,http://twitter.com/solespace1
Alyson Stoner I Pour Life Handup4sustainability,$11529,https://www.facebook.com/NationalTrustforHistoricPreservation/,https://twitter.com/savingplaces,https://www.youtube.com/c/nationaltrustforhistoricpreservation,http://savingplaces.org/miami-marine-stadium
Let S Build This 3 Wheeled Car Together,$33866,http://facebook.com/greaterflushing,http://twitter.com/greaterflushing,https://www.youtube.com/channel/UCBBsWgUHAXvCNgkoRdigxlw,http://fnonightmarket.weebly.com
I M Opening A Bar What Ll It Be,$21220,http://www.1500andcountingfilm.com
Keep Solespace Open For Community Events,$19000,http://www.facebook.com/naweekly,https://twitter.com/NAWeekly,http://www.na-weekly.com
Sidekicks Support For People With Special Needs,$5135,https://www.facebook.com/lasvegasextremepark/,https://twitter.com/VegasExtremePAK,http://www.vegasextremepark.com
Restore Miami Marine Stadium History,$110351,https://www.facebook.com/xrunner.venture,https://twitter.com/xrunners,https://www.youtube.com/user/xrunnerventure/videos,http://xrunner-venture.com/
Flushing Night Out,$3261,https://www.facebook.com/pages/Watanili/279165245576149,http://www.watanili.com
Support The Norwegian American News,$30614,https://www.facebook.com/Boy-of-Blue-The-art-of-Wayne-Martin-Belger-198083750233658/?pnref=about.overview,http://taramariabelger.com
Vegas Extreme Park  2,$9032,https://www.facebook.com/ecwaterrelief,http://www.twitter.com/EcuadorHelp,http://www.ecuadorwaterrelief.com/
Toilets For Peru S Shantytowns,$27851,http://www.facebook.com/wocaprojects,http://www.twitter.com/wocaprojects,https://www.youtube.com/channel/UCpC7ZFeB6jfNbS3fa0U6DiQ,http://www.wocaprojects.com
Watanili S Newest Update Makani Giveknowledge,$16535,https://www.facebook.com/MyRelevate,https://twitter.com/myrelevate,https://www.youtube.com/channel/UCEh98DlXgjw_ZuNEEnEbLtA
Smoke Signals Studio  2,$15770,https://www.facebook.com/IGLHRC,https://www.twitter.com/IGLHRC,http://www.ighrc.org
Dispelling Fear An American Girl In A Syrian Camp,$5285,https://www.facebook.com/rickyrobertsiii,http://www.rickyrobertsiii.com
Ecuador Water Relief  3,$16334,https://www.facebook.com/events/980011755343059/,https://twitter.com/AwayInward,https://www.youtube.com/user/awayinward,http://ChildrenWeServe.org
Art In Community Programs At Woca Projects,$3587,http://www.facebook.com/dagaramusic,http://twitter.com/dagaramusicctr,http://www.dagaramusic.org
Relevate Health Relationships,$6850,https://www.facebook.com/GunWebsites,https://twitter.com/GunWebsites,http://youtube.com/gunwebsites,http://gunwebsites.com/
Bombastic Help Spread Lgbt Stories Across Uganda,$8316,http://facebook.com/addispark,http://twitter.com/addispark,http://makelifeskatelife.org/projects/ethiopia
Give 1 Get 1 Community Youth,$3021,https://www.facebook.com/AmazingLifeTogether,https://twitter.com/AMZLIfeTogether,http://www.youtube.com/AmazingLifeTogether,http://www.amazinglifetogether.com
Earthquake Relief Nepal School Rebuild Project,$12434,https://www.facebook.com/pages/STEAMGirlsCamp/844439752282686,http://steamgirlscamp.com
Dagara Music Center Community Development Project,$15303,https://www.facebook.com/nationalyesregistry/,https://twitter.com/natyesregistry/with_replies,http://nationalyesregistry.scot/
Kalashnikov Buyers Guide,$6620,http://www.facebook.com/savedevst,http://www.twitter.com/savedevst,http://www.savedevstreet.org.uk
Addis Skatepark Community Youth,$36385,https://www.facebook.com/MMCCglobal,http://twitter.com/MMCCglobal,https://www.youtube.com/user/AfghanMMCC,https://www.AfghanMMCC.org
Amazing Life Together Amazing Marriage Adventure,$12526,https://www.facebook.com/groups/5588357735/,https://twitter.com/CATAAlliance,https://www.youtube.com/user/CATAAllianceOnAir,http://www.canwit.ca/
Campana Casa Conica Para Los Cabecares,$1517,http://facebook.com/pushingmyanmar,http://twitter.com/pushingmyanmar,http://makelifeskatelife.org
Steam Girls Camp,$6335,https://www.facebook.com/SurfsUpAutismSurfCamp.Tofino,https://twitter.com/Autism_SurfsUp,http://ripcurlsurfsup.com/
Juggling For Peace  2,$6375,http://www.themovementcreative.com/governors-island-playscape
Share Inspire Guide Women In Tech Mentorship,$16570,https://www.facebook.com/farostoukosmou,http://www.farostoukosmou.gr
Pushing Myanmar,$21525,http://www.eloheim.com/2015-retreat-in-sonoma/
Flip Microgrants Funding Students Needs,$6420,http://www.amystravis.com
Surf S Up 2015 Autism Surf Camp,$2495,https://www.facebook.com/KMEGAkenya/,https://twitter.com/KMEGAkenya
Amazing New Soap Frees Women From Sex Slavery,$6316,https://www.facebook.com/LibertyTaxServiceOfOneontaNy
Mixed Remixed Festival 2016,$21179,https://www.facebook.com/GrahamWPUK,https://twitter.com/GrahamWP_UK,https://www.youtube.com/c/grahamphillipsfirstchannel,http://www.thetruthspeaker.co
2016 Governors Island Playscape Art Design,$5756,https://www.facebook.com/EugenePoetrySlam/
Computers For Underprivileged Kids In Greece,$5023,https://www.facebook.com/revolutionbooksnyc/,http://revolutionbooksnyc.org/
Help Us Build Our Scholarship Fund Awesome Perks,$1511,https://www.facebook.com/pages/LOL-Oakland-Maker-Space/293135707395680,https://twitter.com/pocmakerspace,http://oaklandmakerspace.wordpress.com/
Protect Children In International Nonprofits,$21904,https://www.facebook.com/pages/The-Mustang-Project/1594425264105514,http://myersparkmustangproject.weebly.com/
Oneonta Safe Ride Project,$2166,https://www.facebook.com/tata.armenia,https://www.youtube.com/channel/UCa1jVi-z9P0LyVyvl0aj48Q,https://www.ta-ta.am
Eugene Poetry Slam At Tsunami Books,$2476,http://www.SayItWithGratitude.com
Revolution Books New York 25 000 The Time Is Now,$28482,https://www.facebook.com/Bellies-Beyond-Borders
People Of Color Led Makerspace And Hackerspace,$10496,https://www.facebook.com/atfeelfree,http://www.thedivineline.net/
The Mustang Project  2,$9470,http://facebook.com/dinamousawi,http://twitter.com/dinamousawi,http://youtube.com/dmousawi
Joevolunteer Like An Uber For Volunteers App Community,$55701,http://www.shaktibarre.com
Tata Co Working Moms For Happier Kids,$6129,https://www.facebook.com/changebetter.org,https://twitter.com/changebetterorg,http://www.changebetter.org
Help Us Raise 2500 To Go To The Ciw Springaction,$1165,https://twitter.com/fairbeats,https://www.youtube.com/watch?v=7UeJzWbDX1Y,http://www.fairbeats.co.uk
The Nerd Report Podcast Movies Comics,$1317,https://www.facebook.com/SwipeHunger,https://twitter.com/SwipeHunger,https://www.swipehunger.org
Say It With Gratitude Stationery Sets Cards,$11760,https://www.facebook.com/Sofia.Gabriel.PermacultureMission4Change,https://twitter.com/sofiagabriel11
Art Temple Feel Free Community,$6876,https://www.facebook.com/armenianredwoodproject?fref=ts,https://twitter.com/ArmRedwoodProj,https://www.youtube.com/watch?v=nHa20Q1s3lY,http://www.armenianredwoodproject.org/
Shaktibarre Women S Collective Yoga Women,$22659,https://www.facebook.com/TheTranshumanistWager,https://twitter.com/zoltan_istvan,http://immortalitybus.com
Change Better Community,$12255,https://www.facebook.com/evacuteer,https://twitter.com/evacuteer
Doubledown To Swipe Out Hunger,$26571,https://www.facebook.com/pages/Tennis-4-Africa/168731196650884,https://www.youtube.com/watch?v=n5csdep-0gw
Sofia Gabriel On Permaculture Mission For Change,$2865,https://www.facebook.com/umbrellajacksonville,https://twitter.com/219BrainSurgeon,http://www.horsesforheroes.org/
North American Youth Section Leaders In Dornach,$3579,https://www.facebook.com/groups/328085812773/?fref=tsf=ts,https://www.youtube.com/watch?v=YYO8P2Nnkv0
Rootsforrefugees,$32552,https://www.facebook.com/bay.peace.3?fref=ts,https://twitter.com/baypeace510,https://www.youtube.com/channel/UCAmply50dkks6-Tem-5JsLg,http://www.baypeace.org
Tech2empower Women In Ukraine,$10015,https://www.facebook.com/ShoeboxGiving,https://twitter.com/PRJshoebox
Immortality Bus With Zoltan Istvan,$27260,https://www.facebook.com/StephenieMeyerDay?fref=ts,https://twitter.com/OlympicCovenPNW
Lightdat Help Steve Gleason Light The Evacuspots,$28976,https://www.facebook.com/pages/Be-The-Key-Set-an-Innocent-Free/596490257129577,https://twitter.com/BeTheKeyIIP,https://www.youtube.com/channel/UCZ9XJ0tRKxoWp0XOnMZbLDg,http://www.irishinnocence.ie/
Gorkha District Earthquake Relief Nepal 3 Vdc,$10567,http://www.facebook.com/Under1Sky
Help Recent Shelling Victims In Donetsk  2,$2315,https://www.facebook.com/mynortheaster/,https://twitter.com/MyNortheaster
Hoofprints On Hearts,$506,https://www.facebook.com/tikun.london,http://twitter.com/TikunLondon,https://www.youtube.com/channel/UCbXci9CPTn5faaSaetL70kw,http://www.tikun.co.uk
Bay Peace Youth Activists,$5488,https://www.facebook.com/UkuleleKidsClubInc,https://twitter.com/UkuleleKidsClub,https://www.youtube.com/user/UkuleleKidsClub,http://theukc.org
Get Bree And Renesmee To Forks  3,$1490,https://www.facebook.com/High-Society-213542649031806/timeline,https://twitter.com/HighSociety_se,http://highsociety.se
7hills A Community Skatepark Project In Jordan,$21732,https://www.facebook.com/LivingSeedBankNetwork,https://twitter.com/LivingSeedBank,http://www.RestoreCO.net
Mynortheaster Com,$10934,https://www.facebook.com/BmoreRhythmFest,http://baltimorerhythmfestival.org
Tol3et Re7etkom,$28550,https://www.facebook.com/gooddirtla,http://www.gooddirtla.com/
4 Strings Attached A Children S Hospital Benefit Music,$6360,https://www.facebook.com/pages/DREAMers-Moms-International-Usa-Tijuana/1590901754516392?fref=ts,http://cargocollective.com/sophiasobko
Women S Fresh Start Project  3,$3163,http://www.facebook.com/catskilljazzfactory,http://www.twitter.com/catskilljazz,http://www.catskilljazzfactory.org
High Society A Drug Friendly Dating Site,$1646,https://www.facebook.com/pages/International-Drikung-Kagyu-Council-Nepal/885533341493611
Help Iww Member Jason Beat The Frame Up,$2162,http://www.facebook.com/rightfullysewn,https://twitter.com/RightfullySewn,http://rightfullysewn.org
Hours To Share Helping Those Impacted By Cancer,$2519,https://www.facebook.com/revolution.lancasterpa,https://instagram.com/revolution.lancaster/
Sacred Water,$1440,https://www.facebook.com/HeartsInHealthcare,https://twitter.com/heartsinhealth,https://www.youtube.com/user/DrRobinYoungson,http://heartsinhealthcare.com
The 2015 Baltimore Rhythm Festival,$4140,https://www.facebook.com/kilili.sablan
Project Hope 4 Kids,$17067,https://www.facebook.com/helpmyanmarpeople?ref=aymt_homepage_panel
Pottery Studio Good Dirt La,$12410,http://www.facebook.com/thebinkworld,http://www.twitter.com/thebinkworld,https://www.youtube.com/channel/UCQeM9lVDJAK_7tT5xHlGh0A/feed,http://www.thebinkworld.com
Bedtime Stories Cuentos By Deported Parents,$2225,https://www.facebook.com/sanghateahouse,https://twitter.com/SanghaTeahouse,http://www.sanghatea.com/
Community Building Through Jazz,$19558,http://discoursemedia.org
Bring Back The Water Keeps Pool Restoration,$1510,https://www.facebook.com/mac3three/?fref=nf,https://twitter.com/MAC3IV30,http://www.macthree.org
Nulife S Sewing With Purpose,$3226,https://www.facebook.com/pages/African-Voices-Magazine/72950819664?_rdr=p,https://twitter.com/africanvoices,https://www.youtube.com/user/africanvoices,http://africanvoices.com
Nepal Earthquake Relief Drikung Buddhist Group,$91349,https://www.facebook.com/gyalsheninstitute,https://www.youtube.com/channel/UCWo6aIsYpIvJXXCUVBkHFeg,http://www.gyalshen.org
Tol3et Re7etkom  7,$3045,https://www.facebook.com/Awamaki?ref=br_tf,https://twitter.com/awamaki,https://www.youtube.com/user/AwamakiPeru,http://awamaki.org/
Rightfully Sewn,$12391,https://www.facebook.com/WestCoastFlyingTrapeze/,http://www.westcoastflyingtrapeze.com/
Revolution Jewelry With A Purpose,$10647,https://www.facebook.com/HoneycombProject,https://twitter.com/HoneycombCHI,https://www.youtube.com/user/honeycombproject,http://thehoneycombproject.org
Robin Meredith Gift Six Weeks To Louisville,$18650,https://www.facebook.com/BaltimoreMuseumofIndustry,https://twitter.com/BMIatWork,http://www.thebmi.org/
Typhoon Soudelor Relief Fund Thank You,$7288,https://www.facebook.com/TIFIlluminationProject,https://twitter.com/tifreport,https://www.youtube.com/user/tomstee,http://www.tifreports.com
Aid For Myanmar Flood Victims,$3332,https://www.facebook.com/backatyou.stlouis,https://twitter.com/BackAtYouStL?lang=en,http://backatyou.org/
Bink Treasure Hunt Mobile Game Donates To Ngos,$2020,https://www.facebook.com/eayikes,http://twitter.com/eayikes,http://youtube.com/eayikes,http://Eayikes.org
Sangha Teahouse Relax Refresh And Reconnect,$5310,http://www.facebook.com/YorkCountyHeritageTrust,http://www.twitter.com/@yorkhistory,http://www.yorkheritage.org
Moving Forward Data Driven Journalism,$20251,http://www.facebook.com/mommiesinneed,http://www.mommiesinneed.org
The Artivist Rises 1 000 Strong Voices,$1035,https://www.facebook.com/giftabirthday/
Moms For Moms,$4015,https://www.facebook.com/DrunkDuckcomics/,https://www.youtube.com/channel/UCoCh33uzsEhqbUxN2iey3Dw,http://www.theduckwebcomics.com
Help Tibetan Monks At Nangzhig Monastery,$3724,https://www.facebook.com/groups/EcologyCosmosConsciousness/
Help The Weavers Build,$3330,https://twitter.com/christophhyland
Festival Of Skills In Georgian Desert,$1128,https://www.facebook.com/HuntingtonsDiseaseBikeforaCure
Kids Can Fly Too,$10000,http://www.mswheelchaircaliforniafoundation.org
Honeycomb Project A Fork In The Road,$10430,https://www.facebook.com/ArtInTheParkLA?ref=hl,http://www.gaknew.com/community
Maintain The Crane Baltimore Museum Of Industry,$12907,https://www.facebook.com/johnwarneart,http://johnwarneart.tumblr.com
The Tif Illumination Project,$5108,http://www.twitter.com/HJF_2015
Backatyou Backpacks For The Homeless,$3760,https://www.facebook.com/londonswf,https://twitter.com/livingspiritpix,http://www.imdb.com/name/nm0427732/,http://www.londonswf.com
Eayikes Transforming Lives 1 Connection At A Time Community,$8301,https://www.facebook.com/BabsonETower,http://etower.org/
Top The Tavern Golden Plough Tavern Roof Project,$5301,https://www.facebook.com/London2Calais
Mommies In Need,$15141,https://www.facebook.com/kloop.kg,https://twitter.com/kloopnews,https://www.youtube.com/user/klooplive,http://kloop.kg/online-radio/
Arab America At Home,$7745,https://www.facebook.com/StartupCycling,https://twitter.com/Startup_Cycling,http://www.startupcycling.co
Abu Jamal V Kerestes Treatment Now For Mumia,$20207,https://www.facebook.com/primaryschooljamaicaproject?ref=bookmarks,http://www.the-jp.org/
Birthday In A Box,$521,https://www.facebook.com/ARTSforaBetterTomorrow,https://twitter.com/ArtsBT?lang=en,http://www.imdb.com/name/nm0947490/,http://www.ArtsBT.org
Drunk Duck Webcomics Improvement Drive Art Podcast,$1884,https://www.facebook.com/MIMAMusic,https://twitter.com/MIMAMusic,http://www.youtube.com/user/MIMAMusicInc,http://www.imdb.com/title/tt0453499/,http://www.mimamusic.org
Jeremy Saxe Foundation Nepal Earthquake Relief,$10420,http://www.kumon.ac.jp/klas/english/index.html
Huntington S Disease Bike For A Cure  2,$895,https://www.facebook.com/kpfthouston,https://twitter.com/KPFTHouston,http://kpft.org/
Native Newcomer Entrepreneurship Community,$5694,https://www.facebook.com/solarvillageproject/,https://twitter.com/Solar_Villages,http://www.solarvillageproject.org
The Ms Wheelchair California Foundation  6,$6250,https://www.facebook.com/MexicoNowFestival,https://twitter.com/MexicoNowFest,http://www.mexiconowfestival.org
Art In The Park  3,$1305,http://facebook.com/toledostreets,http://twitter.com/toledostreets,http://toledostreets.org/indiegogo
Support Stroke Survivor S Art Exhibition,$2126,https://www.facebook.com/invisibleprojectph,https://invisiblepro.wordpress.com/
The 2015 Humboldt Juggling Festival,$2005,https://www.facebook.com/FacesOfMyanmar,https://twitter.com/FaceMyanmar?lang=en,http://www.youtube.com/watch?v=vSKbS3Yz52E,http://www.faceofmyanmar.org
Build Etower,$17223,https://www.facebook.com/parallele40
Kloop Radio Give Young Radio Djs A Future,$2510,https://www.facebook.com/TheCommunityWaterProject,https://twitter.com/localwaternow,http://www.communitywaterproject.com/
Startup Cycling,$1320,https://www.facebook.com/groups/ebbandglow/
Breakfast For Bigwoods The Sequel,$2136,https://www.facebook.com/pages/UNPO/393260647387831?fref=ts,https://twitter.com/UNPOintl,http://unpo.org
Arts For A Better Tomorrow Abt Education,$5260,https://www.facebook.com/PoolhausProject/
Help Mima Raise Money For Music Education,$7002,https://www.facebook.com/MexicoNowFestival,https://twitter.com/MexicoNowFest,https://www.youtube.com/channel/UCm0AV1s_8A9MmANSntmY2gg,http://mexiconowfestival.org/
Nepal Humanitarian Proj Orphans Streetchildren,$8509,https://www.facebook.com/pages/April-Follies/356971318161,https://twitter.com/April_Follies,http://www.aprilfollies.com
Help Dawn Return To New England,$1265,https://www.facebook.com/onwardstravel,https://twitter.com/OnwardsTravel,http://www.onwardstravel.org
Washington Ave Launch Of A New Black Wallstreet,$3099,http://www.facebook.com/hives4humanity,http://www.twitter.com/hives4humanity,http://www.hivesforhumanity.com
Bonjournal A Green Community Dining Experience,$2000,https://www.facebook.com/hani.s.salamah,https://twitter.com/HaniSiliman,https://www.youtube.com/user/TheGaza81
A New Transmitter For Kpft 90 1 Fm,$20926,https://www.facebook.com/HighTimeOpera,https://twitter.com/hightime_opera,http://www.springfieldmind.org.uk
Solar Light And Power For Rangpur India,$7639,https://www.facebook.com/thirdwavegardens,http://www.otsegocd.org
Mexico Now S Annual Fundraising Campaign 2015,$6345,https://www.facebook.com/pages/Fallout-Creative-Community/330316192821?fref=ts,https://twitter.com/FalloutCreative,http://www.FalloutCreativeCommunity.org
Send Toledo Streets To School,$1565,https://www.facebook.com/events/732347850186507,http://unifyoakland.com
In Visible Beyond Seeing,$760,https://www.facebook.com/pages/Kufunda-Village/341408862558820,http://www.kufunda.org
Face Of Myanmar  2,$9597,https://www.facebook.com/rebuildjyamrung
Support Social Justice Education For All,$9475,http://facebook.com/RevolutionBooks,http://twitter.com/revolutionbksb,http://youtube.com/revbooks,http://revolutionbooks.org
Parallele 40  2,$5440,https://www.facebook.com/pages/Global-Populace/376673602437284,https://twitter.com/GlobalPopulace,http://www.globalpopulace.com
Parobamba Weaving Center Women,$4613,http://asianamericafoundation.org/
The Community Water Project,$20173,http://www.facebook.com/tragichopeapparel,http://www.twitter.com/tragichope,http://www.tragichopeapparel.com
Ebb Glow Community Fundraiser  2,$2570,https://www.facebook.com/theriseproject,http://irisenow.com/
My Goat My Hope,$2604,http://www.facebook.com/click2warm,https://twitter.com/click2warm
Celebrate Mexico Now Festival 2014,$6030,http://communityroutes.wordpress.com
Sonrisas Para Un Fuicioso,$1141,https://www.facebook.com/groups/749368271839762/,http://www.signupgenius.com/go/9040f4da4a928a57-mission
Support Same Sex Dancing In North America,$4200,http://www.facebook.com/billsbattlebus,http://www.twitter.com/billsbattlebus
Onwards Travel  4,$11324,https://www.facebook.com/theremoraproject
Help Us Build Bee Space,$26637,https://www.facebook.com/s2sprograms,http://s2sprograms.com/
Otsego County Community Garden,$505,https://www.youtube.com/watch?v=4OtDb6dRXeY,http://www.PawsOfAloha.com
Better Ride Album Fallout Art Music Tour,$2846,http://www.campmarc.org/
Ferguson Defense Fund,$112605,http://watdomrep.blogspot.com/
Bless The Lake Meditation For Peace In Oakland,$3511,https://www.facebook.com/groups/africanvoices/?fref=ts,https://twitter.com/africanvoices,http://www.africanvoices.com
Relief For Tanna Vanuatu From Cyclone Pam,$6200,https://www.facebook.com/raizvanguarda,http://raizvanguarda.pt/pt_PT/
Letsdobettertogether Trophee Roses Des Sables Women Adventure,$2975,https://www.facebook.com/browncoatsfr,https://twitter.com/BrowncoatsFr,http://browncoats.fr
Young Women Are Medicine,$7151,http://www.facebook.com/straightbutnotnarrow,http://www.twitter.com/wearesbnn,http://www.youtube.com/wearesbnn,http://www.wearesbnn.com
Help Us To Rebuild Jyamrung Nepal,$6996,https://www.facebook.com/groups/171390859583757/,https://twitter.com/UtahBrowncoats,http://www.utahbcs.com/
In Loving Memory Of Jacob Sieg,$2190,http://www.facebook.com/pages/Cahaya-Mutiara-Ubud/690174114427955?fref=ts,http://www.cahayamutiaraubud.weebly.com
Revolution Books Berkeley,$20032,https://docs.google.com/document/d/19uh8nzdXp3HM1uP_d0d9cE19fp37VtE7HQ9Ln5HzLTw/edit
Provide Housing Meals For Orphans In Myanmar,$3311,https://www.facebook.com/TheCypherSpot,https://twitter.com/TheCypherSpot,https://www.youtube.com/channel/UCKUSF2edAxeqe8Yt5OWPWkg,http://www.thecypherspot.org/
A Peace Of Hummus,$734,https://www.facebook.com/ALimmigrant?fref=ts,https://twitter.com/ALimmigrant,https://www.youtube.com/watch?v=8aNxVFr0zzo,http://www.acij.net/
Open The Airwaves Prison Radio Reporter Fund Media,$16594,http://indianorphanage.com
Support The Asian America Foundation,$3340,https://www.facebook.com/BarefaceMedia?fref=ts,https://twitter.com/barefacemedia,http://barefacemedia.com/
Tragic Hope Apparel,$7000,https://www.facebook.com/youy5958941?pnref=story,https://twitter.com/Atomicalandy,http://en.mwrn.org/index.html
Rise Now Movement,$10145,http://www.facebook.com/QBATX,http://twitter.com/queerbomb,http://www.youtube.com/user/QueerBombATX/videos,http://www.queerbomb.org/
Click2warm Community,$7954,https://www.facebook.com/QBATX/,https://twitter.com/queerbomb,https://www.youtube.com/watch?v=qFkaj7ACw2E&list=PLaT_3dBg9vkpKC0Uvr8bp8xdNF5jk6wto,https://vimeo.com/queerbomb
Empowering Mongolian Orphans Through Arts Crafts,$2305,https://www.facebook.com/pages/Fundaci%C3%B3n-Am%C3%A9rica-Solidaria-Hait%C3%AD-Rep%C3%BAblica-Dominicana/479051588810104?fref=ts,https://twitter.com/ASolidariaHaiti,https://www.youtube.com/channel/UCp_zBaPfZjm-X85T-_ZNA4A,http://www.haiti.americasolidaria.org
Community Routes,$3571,https://www.facebook.com/MissionCleanBeaches,https://twitter.com/MCleanBeaches,http://www.missioncleanbeaches.com/
Make Ham Radio Great Again K6uda Radio T Shirt,$783,https://www.facebook.com/MyRefugeApp
Mission Lower Ninth,$26920,https://www.facebook.com/hadayatoys/?fref=ts,https://www.youtube.com/channel/UCQsCHXx-ceM3p8KpD6r4CLw,http://www.hadayatoys.com
The Remora Project 1e Street Art,$4590,http://www.facebook.com/theamosfletcherfund,http://tearsofamosmom.blogspot.com
Student2student Fundraiser,$2065,https://www.facebook.com/montclairpubliclibrary,http://www.montclairlibrary.org/
Sailing For Peace An Ongoing Worldwide Project Friends,$541,http://www.nextgenacademy.org/programs/
Gunshow Loophole Tour 2016  2,$5951,http://www.facebook.com/Trinidadcompassion
Paws Of Aloha Therapy Dog For Molokai Hawaii Teens,$3432,https://www.facebook.com/functionmagazine,https://twitter.com/functionmag,https://www.youtube.com/user/FunctionMagazine/videos,http://www.functionmagazine.ca/
Camp Marc 2015,$1805,http://twitter.com/yosoyred_,http://desapariciones.crowdmap.com
Dominican Republic Batey 50,$7310,https://www.facebook.com/gothalonepal?fref=ts
Power Of 5 Fundraising Campaign,$1893,https://www.facebook.com/NewarkParksFoundation/,http://www.newarkparks.org
Power Up Poweron,$17245,https://www.facebook.com/HornbySchoolMuseum
Help Rebuild The Weed Library  2,$3050,https://www.facebook.com/UnattiFoundation,http://unattifoundation.org
Good Works For The Utah Browncoats Society,$1101,http://facebook.com/ugandafarm,http://twitter.com/ugandafarm,http://ugandafarm.org
Cahaya Mutiara Ubud Organic Garden Project,$2120,http://facebook.com/ganderservicedog,http://twitter.com/veterantraveler,http://operationfetch.com
Yacu,$10076,http://facebook.com/postsbytheo,http://twitter.com/theodora_lee,http://youtube.com/theodora,http://www.theodoralee.com
The Cypher Spot Step 2 Sound System,$2500,https://www.facebook.com/pages/Delts-Eggs-Games/722741987834851?skip_nax_wizard=true&ref_type=bookmark
Help Alabama Immigrants Get To Southern Conference,$5055,http://www.facebook.com/events/490580367760963,http://twitter.com/search?q=harperman&src=typd,http://www.harperman.ca
Ruby S 10 Challenge,$4260,https://www.facebook.com/vandyke.matthew,https://twitter.com/Matt_VanDyke,https://www.youtube.com/user/VanDykeMatthew,http://www.matthewvandyke.com
Bbc Support For Block B In Sf Art,$710,http://www.facebook.com/bimblesolar,http://www.bimblesolar.com
Queerbomb 2014 Is Gettin Ready To Blow,$5104,https://www.facebook.com/MemphisInnerCityRugby/timeline,https://www.youtube.com/channel/UCFnpY2rvBViSUcjnqe9U-yg,http://memphisinnercityrugby.com/
Help Ignite Queerbomb 2016 Lgbt,$7380,http://www.facebook.com/charmcityinitiative,http://charmcityinitiative.weebly.com
An Oasis In Haiti Un Oasis En Haiti,$5830,https://www.facebook.com/casa.libre.9?pnref=story,https://twitter.com/_CHRCL,http://www.casa-libre.org
Mission Clean Beaches  2,$800,https://www.facebook.com/chicagoblackandpink,http://www.twitter.com/blackandpinkchi,http://www.blackandpink.org/chapters/chicago/
Hadaya Toys Education,$5766,https://www.facebook.com/CondEntEvents,https://twitter.com/condentevents
Jill Gets A Service Dog,$1660,http://thegreateight.org/
Save Alpha One Labs,$2923,http://www.thebookdrive49.com
Amos Fletcher Fund Shave Or No Shave,$1048,https://www.facebook.com/EastPointPeace,https://twitter.com/eastpointpeace,http://eastpointpeace.org/
Lets Unite Against Speculative Invoicing Round 2,$3779,https://www.facebook.com/groups/foodhackingbase/,https://twitter.com/foodhackingbase,http://foodhackingbase.org/
Mpl Bookbike,$6050,https://www.facebook.com/pages/Utziil-Mayan-Blossom/774409849330344?ref=hl,http://asociacionlema01.wix.com/utziilmayanblossom
Help Drive The Rosa Parks Statue Home,$2420,https://www.facebook.com/BpeaceHQ?ref=ts,https://twitter.com/BpeaceHQ,http://www.youtube.com/user/BpeaceOriginal/featured,http://www.bpeace.org/
Let S Get Justin To Nga,$2075,https://www.facebook.com/I.am.she.sy
Uic Fruit Cart Patient Voucher Program,$5000,https://www.facebook.com/lovebrum,https://twitter.com/LoveBrumUK,https://www.youtube.com/channel/UCZmkuF8e5vLy9dXrH1Hi_TA/feed,http://lovebrum.org.uk/
Compassion Trip To Trinidad,$3890,http://www.facebook.com/consciousimpact,http://www.consciousimpact.org/
4 Mountains In 6 Days For Casa Taller Las Moyas,$2110,http://www.facebook.com/cuddleupandread
Function Magazine Vol 16  2,$1600,https://www.facebook.com/izidor.ruckel,https://twitter.com/Izidorruckel
Hagamos Visible La Guerra En Mexico Para Detenerla,$3720,https://www.facebook.com/groups/1561288894129888/
Collaborative Artwork In Syrian Refugee Camp,$5316,https://www.facebook.com/RestorationRestoreYourself
Nepal Earthquake Charity For Orphaned Children,$2596,https://www.facebook.com/groups/756036374464164/,https://www.youtube.com/playlist?list=PL6RjPxQqFk9m--4qXKgyunOCkO_lTWYPQ,http://freeneilandferdi.org/innocent-cleaners/
Newark Parks Foundation Startup Costs Community,$3000,https://www.facebook.com/MexicoNowFestival/,https://twitter.com/MexicoNowFest,http://mexiconowfestival.org/calendar/
Help Connor Get A Passport  2,$565,https://www.facebook.com/themagicofmiracles,https://twitter.com/MOMnonprofit,https://themagicofmiracles.com
Art For Global Health,$5108,https://twitter.com/1step_inc,http://www.onestepinc.org
Uplc Visits Illinois Prisons,$5391,https://www.facebook.com/vitenove,https://twitter.com/laGiostra9,http://www.lagiostra.weebly.com
Skatepark For India,$3995,https://www.facebook.com/SayNoToKingsfordStadium/,https://twitter.com/nokingsford,http://www.nokingsfordstadium.org.uk/
Preserve Hornby S One Room Schoolhouse Artifacts History,$1580,https://www.facebook.com/FolkestoneUnited,https://twitter.com/FstoneUnited
Agoura High Unatti Club,$4552,https://www.facebook.com/LifeOfCosplay/,https://twitter.com/lifeofcosplay,http://lifeofcosplay.com/
Let S Put A New Face On Extreme Poverty  2,$1117,https://www.facebook.com/abilityexperience?fref=ts,http://www.abilityexperience.org/Default.aspx
Operation Fetch Planned Acts Of Community Kindness,$4980,http://www.knockedupnowwhat.com
Lily Cup Project Give Girls Menstrual Cups  2,$2949,http://notyourdemographic.tumblr.com/
Delt S Eggs Games,$1127,http://forums.boxoffice.com
Cross Canada Harperman Sing Along,$14331,https://www.youtube.com/channel/UCAKiA0AqUhG77wQT9BHXebQ
Tony And Rocky  3,$1454,https://www.facebook.com/pattayaorphanage/timeline
Justice For Georges,$22170,https://www.facebook.com/prashant.shewa,https://twitter.com/Solarblvd,https://www.youtube.com/user/SolarBlvd,http://www.solarblvd.com
Office Rent Needed To Fight Domestic Violence,$1960,https://www.facebook.com/pages/Nepal-Emergency-Shelter-Home-Appeal/720832181373102?fref=ts,https://www.facebook.com/pages/Nepal-Emergency-Shelter-Home-Appeal/720832181373102?fref=ts
Rotary Hurricane Joaquin Bahamas Relief Fund,$34390,https://www.facebook.com/HomewoodChronicle,https://twitter.com/HFChronicle,https://www.youtube.com/channel/UCL6ptOJVL4ig00IUwKtV7wg,http://www.hfchronicle.com
Help Christians In Iraq,$17762,https://www.facebook.com/BritePeople,http://www.meowiewowieart.com/#!theme-camp/c1zla
Projet Mines D Ordures Mines Of Garbage,$2835,http://www.duniya.org/
We Love Ryan And Megan Nicholson,$5020,http://www.facebook.com/hanvoice,http://www.twitter.com/hanvoice,http://www.hanvoiceprojecte.com
Cortese Relief Fund Help A Family In Need,$12380,https://www.facebook.com/SaveOurKids.org,https://twitter.com/save_our_kids,https://www.youtube.com/channel/UC7OwHv6or1Rkw7ldoSpxlsQ,http://www.save-our-kids.org
Nashville S Much Needed All Ages Diy Space,$2805,https://www.facebook.com/KaseyCareHomeHealthServicesLLC,https://twitter.com/KC@Kasey_Care,https://www.youtube.com/watch?v=b2IsI-faeqc,http://kaseycare.com/
Memphis Inner City Rugby Funding Scrum,$12788,https://www.facebook.com/whereintheworldapparel,https://twitter.com/whereworldapp,http://www.whereintheworldapparel.com
Journey To Nairobi Dream Believe Love Live,$7305,http://www.twitch.tv/cookeasy1
Charm City Initiative S Back To School Block Party,$1545,https://www.facebook.com/CambridgeMuseumofTechnology,https://twitter.com/CamTechMuseum
Support Homeless Immigrant Youth Shelter 2015,$11505,https://www.facebook.com/shaktibarre,http://www.shaktibarre.com/
Send Members To Black Pink 10 Convening,$2342,http://www.danwhiting.com
Summer Field Trips For Shelter Kids,$5025,https://www.facebook.com/mayorpotencial?fref=ts,https://twitter.com/MayorPotencial,https://www.youtube.com/channel/UCKDgUxxKNl7rXsquobobxfA,http://www.mayorpotencial.org/
Conduit Enterprises Community,$10331,https://www.facebook.com/yegslutwalk?ref=aymt_homepage_panel,https://twitter.com/yegslutwalk,http://www.yegslutwalk.com
Pizza Party  8,$1645,https://www.facebook.com/PeopleCalledWomen,http://peoplecalledwomen.com/
Don T Save The Date,$8025,http://www.facebook.com/proudLebanon,http://www.twitter.com/ProudLebanonORG,http://www.proudlebanon.org
Help Fund The Book Drive,$1200,http://twitter.com/angelamariaOTG,http://youtube.com/angelagraphix,http://instagram.com/angelamariaOTG
Artists Of The Loom The Ayacucho Weavers Of Peru Education,$5140,https://www.facebook.com/pages/Watanili/279165245576149?ref=hl,http://www.watanili.com/
Nothing But Light Project  2,$7682,https://www.facebook.com/xenarts?ref=hl,http://www.xenarts.co.uk
Celebrating Incarcerated Peace Warriors,$1917,https://www.facebook.com/pages/Porolissum-Prietenie/103227519804563,http://porolissumprietenie.wix.com/non-profit
Bar Barrels Campaign Distillery Buildout V2,$770,https://www.facebook.com/jurg.wyss,https://twitter.com/juergwyss,https://juergwyssestartup.wordpress.com/
Thanks For Your Help Thanks For Your Help Camera,$1500,https://www.facebook.com/SFVRescueMission,https://twitter.com/SFVRescue,https://www.youtube.com/user/sfvrm,http://sfvrescuemission.org/index.php/en/
Utz Iil Eco Centro,$5968,http://facebook.com/heroesinblack,http://twitter.com/heroesinblack,http://youtube.com/heroesinblack,http://heroesinblack.ca
2016 Minnesota Men S Conference Poetry,$7505,http://www.facebook.com/benin2016takajouer,https://twitter.com/benintakajouer,https://www.youtube.com/channel/UCqlm0OTnMspJcoYkY8Kv0VQ,http://www.benintakajouer.com
Bpeace More Jobs Means Less Violence,$15994,http://frolicon.lilatlanta.com/
Peace Circles,$4835,http://www.facebook.com/theClubhouseAugusta,http://twitter.com/_clubhouse,http://theclubhou.se
Rebuilding Learning And Storytelling In Nepal,$3025,https://www.facebook.com/lusierra17,http://www.everettprogram.org
Let S Renovate The Los Naranjos Basketball Court,$1500,https://www.facebook.com/chicagodesiyouthrising,https://chicagodesiyouthrising.wordpress.com
A Cuddle Corner For Kids In The New Godeke Library,$9925,https://www.facebook.com/ChangeMakersInTheMediterranean,http://www.circlesquared.org
Journey To Romania 2015,$2010,https://www.facebook.com/pages/Tarrytown-and-Sleepy-Hollow-Farmers-Market/624397927690112,http://tashfarmersmarket.org/
Weir Family,$5750,https://www.facebook.com/groups/ecowarriorsmalaysia/,http://www.citizenactionfortigers.my/
Justice For The Innocent  3,$13085,https://www.facebook.com/oscarricardo.armascastellanos.1?fref=ts,https://www.facebook.com/ProjectGenesisGt?fref=ts
Mexico Now S Annual Fundraising Campaign 2016 Art,$6590,https://www.facebook.com/pages/Nick-Maas-Warum-darf-ich-nicht-mehr-leben-wie-nichtbehinderte-Menschen/810810479015865?ref=aymt_homepage_panel,http://www.helftnick.de
The Magic Of Miracles,$1235,https://www.facebook.com/VisKidFoundation?ref=ts&fref=ts,http://www.viskid.com/meet-leo/
As A Telong Music Academy,$1030,https://www.facebook.com/mayorpotencial,https://twitter.com/MayorPotencial,https://www.youtube.com/channel/UCKDgUxxKNl7rXsquobobxfA,http://www.mayorpotencial.org
6021 Art Community Culture Shopfront Studio,$11250,https://www.facebook.com/YESonstar,http://www.yesonstar.org
Underserved Students Seek World View,$6130,http://www.facebook.com/calaisrefugeesupport
Dps Raising Money For Covenant House,$620,http://www.facebook.com/IRAunitedstates,http://www.ira-usa.org
Cosplay For A Cause A Superhero For Superchildren,$1060,https://twitter.com/lcbhammans
Pi Kappa Phi Bike Marathon,$6710,https://www.facebook.com/helphumanitytoday
Knocked Up Now What  2,$12440,https://www.facebook.com/goCCHE,http://affordableholistic.weebly.com
Not Your Demographic A Feminist Wrestling Podcast  2,$920,http://www.facebook.com/lunademontesinai
Save The Box Office Forums,$1824,http://thedreadful.com
5 Mountains 4 Weekends In Memory Of Alofataua Kuma,$1020,https://www.facebook.com/Bandas-Reflectante-Reflective-Bands-1184090594949345/?skip_nax_wizard=true,http://ww.reflectivebands.com
A Great Holiday Season At The Pattaya Orphanage,$10730,https://www.facebook.com/aleppo.ngo1?fref=ts,https://twitter.com/AleppoCCO,https://www.youtube.com/channel/UCQ0N7RKG2q57ua7_8adhjSg,http://www.aleppo-ngo.org
India Pakistan S Heatwave Fund,$2029,https://www.facebook.com/eqnda
The Chronicle S Next Adventure,$3761,http://www.nonewsfjail.wordpress.com
Help Bring Camp Bright People To Desert Hearts,$910,https://www.facebook.com/pages/Molly-Party-for-Queers/409854549182692,http://www.twitter.com/mollyoxford,http://www.mollyoxford.co.uk
Hanvoice Project E,$6060,https://www.facebook.com/MurrayStateSigEp?fref=ts,https://twitter.com/KYESigEp?lang=en,http://www.bestbuddies.org/find-a-program/north-america/kentucky
Help Break The Guinness World Record Saveourkids,$5140,https://www.facebook.com/FamilyFriendsProject
Make An Impact For Kasey And Others,$6505,https://www.facebook.com/ThaoDanChildCenter,http://thaodan.org.vn/en/safe-house.html
Empower Campaign,$1110,https://www.facebook.com/homeschoolsupportcentre?fref=ts,http://www.youthworxcentre.com/contact.html
Let S Buy A Home For Vicky And His Family,$12708,https://www.facebook.com/CLARE.Foundation,https://twitter.com/CLAREFoundation,http://www.youtube.com/user/clarefoundation,http://www.clarefoundation.org/
There Is Hope In June Help Rebuild Nepal,$1578,https://www.facebook.com/OrganizedNeighborsOfEdgewood,http://www.edgewoodatl.com
Santa Ana Community Center Exciting Renovation,$2071,https://www.facebook.com/bristolskipchen?ref=hl,https://twitter.com/BristolSkipchen,http://thebristolskipchen.wordpress.com
Yoga Education For Eating Disorder Recovery Yoga Women,$2740,http://facebook.com/siliconrainforest,http://siliconrainforest.com
Bartering In The Digital Era,$750,http://www.brainstorm.ch
Providing Meals For The Children Of Ramon Rosa,$800,https://www.facebook.com/StandUpForSG
The Naco Bisbee Mural Project Travel Funding Mexico Art,$507,http://www.facebook.com/genderprojected
Yeg Slutwalk 2015,$600,https://www.facebook.com/events/377512465773380/,http://www.dmcasf.org/
Ri Canine Search Rescue Team Fuel The Generator,$2675,http://www.backpacksforhope.org
Send Pcw Feminist Bookstore To Michfest 2015,$1600,http://facebook.com/openhouseSF,https://www.youtube.com/user/openhousehousing,https://openhouse-sf.org
Support Proud Lebanon,$2850,http://www.facebook.com/theexodusroad,http://www.twitter.com/theexodusroad,http://www.theexodusroad.com
Kindness For Kids  2,$6161,https://www.facebook.com/juscha.bodenhammer
Sayang Kalimantan Sayang Equip The Haze Fight,$5050,http://www.facebook.com/stopacidattacks,http://www.twitter.com/stopacidattacks,http://www.stopacidattacks.org
Offthegridhaiti Mission July 2015,$3280,http://www.sclc.org.uk/
Watanili Winter Blankets For Displaced Syrians,$9729,https://www.youtube.com/watch?v=upQDH8_6OPQ,http://www.gatewave.org
Help The Refugees At Budapest Keleti Station,$1550,http://www.twitter.com/citybeatkelly
Porolissum Prietenie Friendship Non Profit,$1162,https://www.facebook.com/HesterHollyRose,https://twitter.com/HesterHollyRose,https://www.youtube.com/channel/UCggNS4icyPXRDXZIrin5vbQ,http://www.hesterhollyrose.com
Discover Amazing World Touch Beautiful Hearts Community,$1558,https://www.facebook.com/pages/Team-Singapore-Debates/230182733689851?ref=ts&fref=ts,http://www.wsdc2015.org/
San Fernando Valley Rescue Mission Goes Home Again,$37758,https://www.facebook.com/risenow.org,http://www.rise-now.org
Hero Camp,$1169,https://www.facebook.com/warresistersint,https://twitter.com/warresistersint,http://www.wri-irg.org/
Benin Takajouer 2016,$5406,https://www.facebook.com/groups/WednesdayNightDrumJams/,https://www.youtube.com/channel/UCyhZepUXLVcQsvnlXt4AD5g,http://katygaughan.com/
Age Play Suite At Frolicon 2016 Community,$2085,http://Seniorportraitproject.com
Dgsn Thurtene,$4000,https://www.facebook.com/groups/362659090565999/,http://globalcenterforadvancedstudies.org/
11th Annual Ramadan Tent In New York 2015,$15805,http://twitter.com/keegolicious
Eric Turns 40 Fundraiser For Theclubhou Se,$5138,https://www.facebook.com/PhonographicMemory,https://twitter.com/phonomemory,http://phonographicmemory.org/
Computer Literacy For Somkhanda Gumbi Community,$620,https://www.facebook.com/Denver-Bible-Church-259538084137519/timeline/,http://denverbiblechurch.org
Dc Unseen Life Beyond The Capitol Project,$1375,https://www.facebook.com/pages/Safe-Spaces/317525441610182?fref=ts
Chicago Desi Youth Rising Community Fundraiser,$2982,https://monterocomedor.wordpress.com
Tarrytown Sleepy Hollow Farmers Market The Tash,$5550,https://www.facebook.com/groups/886697651394666/
Mitchell Raymond Memorial Camp Reed Fund,$1645,https://www.facebook.com/HolyStoked,http://2erskate.de
Eco Warriors Forest Trip And Tiger Protection,$1450,https://www.facebook.com/LejlaSeperovic,https://twitter.com/LejlaTango
Cash Poor Yarn Rich,$740,https://www.facebook.com/groups/tohokuorphansproject/,https://twitter.com/TohokuOrphans,https://www.youtube.com/user/tohokuorphansproject
Give Refugees A Chance To Learn Create And Play,$806,http://chelseagreen.me
About The Moms Photography,$738,https://www.facebook.com/phoenixprojecthumboldt
Full Lotus Yoga Pilates Studio In Belize,$901,https://www.facebook.com/NKinUSA?fref=nf,https://www.youtube.com/channel/UC7JIbJlYTkaT_CCLauxD-JA,http://www.nkinusa.org/
Kids Of Project Genesis,$2455,https://www.facebook.com/CDRC1984,https://twitter.com/cdrc1984,http://www.youtube.com/user/cdrc1984,http://www.cdrc-phil.com/
Build A Kitchen For Children In Honduras  2,$1766,https://www.facebook.com/events/970076619698849/
Something For Kate,$1527,http://www.stoveteam.org/
Yes Conference Scholarship Fund 2015,$750,https://www.facebook.com/events/963900947009516/,https://twitter.com/Adventure_S_S,https://www.youtube.com/watch?v=JATjswcQl14,http://ihfonline.org/
Legal Defense For Biram Dah Abeid,$6970,https://www.facebook.com/opccla/?fref=ts,https://twitter.com/OPCCLA,https://www.youtube.com/user/SantaMonicaOPCC,http://opcc.org
Orgullo Lgbti Lgbtq Pride Quito,$4515,https://www.facebook.com/pages/Barnabas-Project-Uganda/321314997937171?sk=timeline,http://www.barnabasprojectuganda.org
Imagineabaddon Gishwhes Team Fund  2,$510,http://www.facebook.com/saveblessingchildhome,http://nepalorphansbch.weebly.com/
Nepal Earthquake Building Project,$10570,https://www.facebook.com/The-Amazing-Alec-267733749950688/timeline/
Specialneeds Foster Father Should B Home4christmas,$500,https://www.facebook.com/Cojolya,https://twitter.com/Cojolya,http://www.cojolya.org
Rock For Tot S Toys For Tot S Fundraiser Christmas,$2063,https://www.facebook.com/NuPlaha/?fref=ts
Camp Corazones Summer Camp For Hiv Affected Kids,$1060,https://www.facebook.com/pages/Free-Brian-Peixoto/744966995577900?ref=hl,http://brianpeixoto.com/
Help Humanity Today Refugees In Belgium,$5718,http://www.facebook.com/armonegalaxy,http://www.nevloproject.com
Fundraiser For Printing Free Holistic Guide,$500,https://www.facebook.com/events/1649734585268053/,https://twitter.com/edinburghwfi
Women Empowerment Project Luna De Monte Sinai,$2655,https://www.facebook.com/pages/Kimball-Avenue-Church/173828646955?ref=hl,http://www.kimballavenuechurch.org
Send 15 Children To School For A Year,$1418,https://www.facebook.com/groups/622626054546800/622627291213343/?notif_t=like
The Dreadful Halloween At Castle Varnum Party,$1160,https://www.facebook.com/UnwetterdienstRheinMainMittelhessen/,https://www.youtube.com/channel/UClKfkIXqs3F2MwfD343OBxA,http://www.unwetterdienst.info/blog/
Costa Rica Women S Collaborative Saving Lives,$5737,https://www.facebook.com/groups/1583152681970817/,https://www.youtube.com/channel/UCUiQmzTMtpDvNEjHVRxtgBw,http://www.projecthaibung.org
Save A Life  53,$510,https://www.facebook.com/TheCareerFoundation,https://twitter.com/theCareerFnd,https://www.youtube.com/user/TheCareerFoundation1,http://careerfoundation.com/
Earthquake Nepal Direct Action,$984,https://www.facebook.com/TurkishForumPage,https://twitter.com/turkishforum,http://www.turkishnews.com
City Of Sleeping Bags  2,$5132,https://www.facebook.com/rockawaywritersworkshop/,http://www.rockawaywritersworkshop.org/
Stop The New Sf Jail,$843,https://www.facebook.com/groups/5665047773/?ref=br_tf,http://www.tasaaga.org/
Namaste Direct Relief For Nepal Earthquake,$2087,https://www.facebook.com/FosterYouthAction?fref=ts,https://twitter.com/FYinAction
Believing For Buddies,$2095,https://www.facebook.com/young.governors,https://www.youtube.com/channel/UCowgXj6irQhAf7rWJyfjXKg,http://www.younggovernors.org/
The Keep Shara Alive Foundation,$525,http://hogaresmariagoretti.com/
Family Friends Project Nepal Children S Recovery,$11563,https://www.facebook.com/GenerationRootsMovement?ref=hl,https://www.youtube.com/user/GenerationRootsTV
Helping The Children Of Thao Dan Ceiling Repair,$1201,https://www.facebook.com/Alyboballygirl,https://twitter.com/ChangeFireOrg,https://www.youtube.com/watch?v=ZINFnPvQO2w,http://www.changefire.org
Youthwworx Sports Center,$513,http://www.facebook.com/groups/1046432548707323/
Support Manoj A Nepali Friend And Leader,$1242,https://twitter.com/mghallock,http://matthallock.com
Donate 10 To Fix Up The Men S Group Room At Clare,$5533,https://www.facebook.com/events/547002955462512/,https://www.youtube.com/watch?v=HcaCyo7x8QQ,http://www.designmynight.com/london/whats-on/burlesque-cabaret/nude-noir-chapter-17
