https://www.etsy.com/listing/232366649/amazing-leather-wallets-clean-design-and?transaction_id=1037707024,$17318,120
http://www.cordcrafts4college.com,$791,24
http://www.padkix.com,$22760,445
http://kameleonz.com,$33489,182
http://www.hardelco.com,$24806,514
http://www.youareu.it,$20822,152
https://www.hemetictrading.co/shop/,$22947,213
http://okewarainwear.com,$50141,145
http://www.persucollection.com,$90938,694
http://shop.bluffworks.com/,$128722,1181
http://www.wuandy.com,$39380,567
https://itunes.apple.com/us/app/nailsnaps/id934119425?mt=8,$49157,928
http://borawear.com,$18655,263
http://www.geltfiend.com,$20884,293
https://www.baabuk.com,$54930,360
http://newmarketgoods.com,$21374,241
http://www.fabricor.com,$6078,57
http://www.princess-awesome.com,$215691,3218
http://saintharridan.com,$137562,1108
http://thedrinkingjacket.com,$574630,4974
https://www.weargustin.com/store,$449654,4010
http://bit.ly/OneManOuterwearKS,$82005,387
http://www.constrvct.com,$11249,262
http://www.luxxieboston.com,$21094,118
http://www.dearkates.com/collections/apparel,$158933,1327
http://www.withyoulockets.com,$42950,248
https://victorathletics.com,$123002,1166
http://www.zuluzion.com,$10337,244
http://www.willowandbloch.com,$3307,82
http://www.freakerusa.com,$255264,4948
http://www.opusfresh.com,$152444,730
http://www.we-flashy.com/collections/allflashy,$10616,181
https://www.bostonbootco.com,$248108,1646
http://BishopCollective.com,$16843,200
http://grizcoat.com/,$19880,181
http://GetFreezy.com,$60618,1396
http://www.analogwatchco.com,$73564,716
https://www.pikkpack.com,$20108,198
http://www.werkshop.com,$94275,761
http://jauntshop.com/collections/jaunt-fanny-packs,$20615,377
http://www.parkenewyork.com,$90535,634
http://www.rpmwest.com,$289772,1712
https://www.indiegogo.com/projects/enda-the-first-kenyan-running-shoe/x/14480338#/,$128187,1021
http://stringandloop.bigcartel.com/,$2308,119
https://scaledenim.com/,$53977,368
http://www.therarecreature.com,$15932,102
https://igg.me/at/the-ultimate-all-weather-coat,$114599,529
http://superfithero.com,$55205,653
http://soillholds.com/collections/climbing-shoes,$154452,1549
https://sotela.co,$20185,188
http://publicrecapparel.com/products/all-day-every-day-pant,$179078,1339
http://www.mstrmndcollective.com,$120259,4027
http://www.dressforthemess.com,$26585,238
http://calamityware.com/collections/frontpage/products/badbandana-4-space-worms,$13908,616
http://www.circlefootwear.com,$61276,356
http://shop.bluffworks.com/collections/blazers,$342185,1252
http://www.LecheLibre.com,$43172,515
http://www.wola-co.com,$122079,1465
http://www.aramlee.com/,$26645,122
http://www.leewardsurf.com/,$15870,149
http://slickchicksonline.com,$17672,374
http://www.fiveandsixtextiles.com/,$21112,164
https://duerperformance.backerkit.com/hosted_preorders,$273765,1793
http://www.vettacapsule.com,$88954,527
http://kipposhorts.com/collections/all,$64563,929
http://www.causeirun.com,$15469,191
https://hound-and-hammer.backerkit.com/hosted_preorders,$32036,236
https://www.facebook.com/projectshadowco,$124110,1093
http://www.sonoma-usa.com,$31231,264
http://www.poppyseedclothing.com,$15202,62
http://byasum.com/shop/bags,$125565,699
https://igg.me/at/UTQn6WQOjGs/x/6353392,$62436,699
http://www.topandderby.com/collections/compression-socks,$26290,366
http://www.nisnasindustries.com,$147487,575
https://igg.me/at/FlyteSocks/x/14754321,$85752,1453
http://www.miakodanewyork.com,$9407,91
https://boulder-denim-ultra-stretch-stain-resistant-premiu.backerkit.com/hosted_preorders,$90530,686
http://www.anywhereapparel.com,$17440,109
https://www.indiegogo.com/projects/from-plastic-bottles-to-bags-design-fashion--2#/,$22872,150
http://www.herobackpacks.com,$25167,168
http://tobaccomotorwear.com/shop/,$121789,501
https://www.facebook.com/SomeoneSomewhere.mx/,$54178,862
https://www.indiegogo.com/projects/the-adv3nture-hoodie-with-23-pockets-and-features-travel-adventure/,$1851033,13363
https://www.greatgeorgewatches.com,$75194,440
http://www.svahausa.com,$57615,642
http://www.impishlee.com,$14417,171
http://www.himalilife.com,$22339,105
http://khiry.com,$25670,404
http://woodiesclo.com/,$93197,574
http://www.smakparlour.com,$16240,128
http://www.rheafootwear.com,$27626,343
http://www.wabisabiecofashionconcept.com,$15012,69
http://www.fascinationanxiety.com,$10620,127
http://mavaricode.com/,$42647,215
http://www.nikkacy.com,$47542,267
http://www.paperwallet.com,$83813,3252
http://FashionFirstAid.com/Fitesse,$21525,439
http://www.herotimeinc.com,$80676,611
http://theutlab.com/,$92290,702
http://www.popcanstove.com,$18786,463
http://www.snorfindustries.com,$22498,366
http://www.veilhijab.com,$39221,883
http://www.accidentalgentleman.com/,$8464,116
https://www.facebook.com/kimononyfw,$66791,351
http://www.lunis.cc,$66577,370
http://www.bronxtondesigns.com,$35707,584
http://tvylor.com,$13457,330
http://www.brooklynboot.com/collection/index,$117817,857
http://www.wasatchoutdoors.com,$6808,282
http://www.padkix.com,$224104,3331
http://www.himalilife.com,$21706,153
http://www.superegoclothiers.com,$31121,500
http://www.lecollektor.com,$35774,251
http://mamachic-co.myshopify.com/collections/all-products/,$29003,245
http://www.sveltewallets.com,$29081,1040
http://www.teddystratford.com,$96650,589
http://www.rpmwest.com,$272552,1957
http://monkandguru.com,$3637,88
http://calamityware.com/products/badbandana-3-spirited-bones,$29771,1206
http://www.superessestraps.com,$1550,19
https://www.facebook.com/TawnyGoods,$118445,537
http://getdeclan.com,$25247,693
http://www.leopardet.com,$25285,222
http://www.triarrowswatch.com/index.php/,$92325,615
http://thursdayboots.com,$276610,1203
http://woodpeckereyewear.com,$8689,91
https://www.knixwear.com/collections/evolution-bra,$1105177,13642
https://www.facebook.com/toastytime/,$5638,83
http://crasqi.com,$51430,228
http://www.trackandbliss.com/,$20160,86
http://www.simpleshoes.com/,$121508,1366
https://rabbit.backerkit.com/hosted_preorders,$45328,322
http://WWW.KABACCHASHOES.COM,$417835,1571
https://sweateralls.com/collections/all,$26318,355
http://elliawang.com,$15568,75
http://igg.me/at/MiaMelon-Commuters/,$53426,314
http://www.insidepocketco.com/,$42730,384
http://www.joliecoquette.com/shop,$30436,448
http://www.ducksinarowpacks.com,$50040,175
http://www.steamcrow.com,$7279,169
http://honeysoles.co/products/pix-natural-cork-insoles,$57791,1012
http://www.uniform.is,$230059,1360
http://www.zeevashoes.com,$37562,161
http://www.wildmantle.com,$39827,300
http://sqst.bigcartel.com/,$5522,101
http://www.tomcridland.co.uk,$20828,110
http://www.weavesleeve.com,$10645,295
http://www.DELACOMMUNE.com,$23283,170
http://www.kcko.us/,$19739,147
http://veilgarments.com/collections/apparel,$30701,373
http://www.aeheeny.com,$10108,25
https://www.facebook.com/freckleyco/,$50.00,2
http://aviatorusa.com/,$43236,340
http://www.padkix.com,$92000,1248
https://www.joelwadetimepieces.com,$6530,56
http://www.stilclassics.com,$16211,91
https://www.indiegogo.com/projects/nalla-the-world-s-most-versatile-swimwear-beach/x/13329215#/,$119728,1719
http://Instagram.com/sonandmoonapparel,$3237,66
http://www.carbonfi.com/,$9818,80
http://livebreathefutbol.com/collections/maestro,$32585,287
http://www.fitfactory.co,$16117,108
http://WWW.BODDES.COM,$2167,56
https://libertad-merino-travel-shirt.backerkit.com/hosted_preorders,$91972,543
http://tobaccomotorwear.com/product/womens-premium-denim-riding-jeans/,$44350,201
http://bhavastudio.com/,$17982,70
http://www.iwantproof.com/collections/sunwear?Gender=gender-male&Collection=collection-aluminum-collection,$76925,791
http://ablyapparel.com,$540112,4900
http://www.dialedgear.com,$62163,1235
http://www.markcoxapparel.com,$27325,98
http://www.girlsetfree.org,$24141,149
https://www.alvieriwatches.com/watches,$23575,148
http://www.muskclub.com,$15803,378
http://www.footflops.com,$179019,2792
https://www.stickyshoes.com,$11022,140
http://www.heraldhill.com,$46475,520
http://bambuzsocks.com,$5142,104
http://sockstash.com,$10531,184
http://www.flyboy.us,$2402,78
http://www.thenoblebrandco.com,$6000,48
http://www.edith-elan.com,$8393,70
http://www.volo.me/#!the-non-wallet/c13ay065/the-minimalist-non-wallet,$2380,68
https://maqoo.com,$13329,208
http://www.jeanjack.co,$11004,111
https://break-north-cool-hats-for-grown-ups.backerkit.com/hosted_preorders/56685,$5315,71
http://prophetsandgenius.com,$4578,57
https://fortisgreen.com/,$17400,186
http://www.kimikobeauty.com,$21231,131
https://www.koreessentials.com,$157146,1864
http://www.sofieandnate.com,$19040,156
https://www.tooprettybrand.com,$17071,186
https://igg.me/at/billy-watches/x/14813491,$14520,136
http://redfrogboots.com,$14680,87
http://www.cheekycarlyleswim.com,$17015,107
https://www.indiegogo.com/projects/crosskix-2-0-apx-relaunch/x/2237918#/,$56358,947
http://flyingeyesoptics.com/,$55533,163
http://www.diamondwallets.com,$10939,131
https://calipertimepieces.com/,$80902,225
https://igg.me/at/mishmi-takin/x,$66527,302
https://www.clothingarts.com/products/cubed_travel_jacket,$83924,282
https://www.parisanyc.com,$13863,93
http://www.robertslivchak.com,$15525,27
http://www.takeflightapparel.com/shoes.html,$9741,111
http://ksa.fnd.to/hybridhoodie,$471558,2155
http://www.ododenim.com,$310751,2405
http://aviatorusa.com/collections/deadstock-denim-brand,$45808,379
http://www.krochetkids.org/worlds-greatest-beanie/,$57556,803
https://www.bowandstern.com.au/,$32142,171
https://www.facebook.com/SimplySewnLeatherShoes/?ref=settings,$8558,50
http://www.fantasyallure.com,$17715,320
http://www.apparelbypw.com/collections/wallets,$4226,69
http://www.felloeyewear.com,$18880,248
http://www.valenxe.com,$14628,139
https://www.facebook.com/dreamhoodie/,$10573,73
http://www.KoreEssentials.com,$315960,4121
https://www.bag-bug.com,$12026,133
http://www.pistollake.com,$57543,303
http://www.KoreEssentials.com,$591860,7232
http://www.werkshop.com,$25954,199
http://www.thetravelbra.com,$20617,179
http://kitculture.com,$5130,49
https://slab.supply/pages/join-the-active-community,$26512,212
https://www.thetravelbra.com/collections/womens/products/ultra-light-travel-bra?variant=5689954500,$6306,107
http://www.thick-to-thin.com,$31061,281
http://www.craryboots.com/,$126310,714
http://www.sentri.co/collections/all,$52087,428
http://www.roysroad.co.nz,$7442,46
http://Sole-Socks.com,$162621,5619
http://shop.pupswhopack.com,$8598,121
http://wearanesi.com/products/anesi,$7683,117
http://www.svahausa.com,$30306,331
http://www.shopthrillseeker.com,$5489,100
http://thewinstonbox.com,$55829,515
http://www.Stantt.com,$85517,728
http://www.fredrickharold.com,$26000,232
http://ks1.makulife.com,$90508,870
http://www.saltura.co,$30694,157
http://www.kelliekapparel.com/,$26921,178
http://www.medicinewerx.com,$22879,254
http://www.cynthiamae.com,$11504,52
http://www.lumelifestyle.com,$22280,610
https://goo.gl/uLWCFu,$32385,267
http://www.boldlyblake.com/pins/,$2907,163
https://igg.me/at/magiccoinpouch,$166910,6897
http://minimalapparel.com/,$9795,225
http://www.nomad-artist.com/,$126947,721
https://www.amazon.com/BipolarBands-com-Adult-Bipolar-Band-Green/dp/B01HGWZNRO,$2023,132
http://www.wanderlustwatches.com.au,$12685,70
https://www.indiegogo.com/projects/skinners-revolutionary-ultraportable-footwear/x/14604547#/,$654557,9624
http://www.ammoathletic.com,$12048,169
http://www.facebook.com/makerscut,$5295,18
https://www.klrfootwear.com,$48586,325
https://racysuits-bringing-back-grandpas-ski-suits-from-th.backerkit.com/hosted_preorders,$23383,85
http://mitzaccessories.myshopify.com/collections/kids-baby,$37915,367
http://www.OneBarCo.com,$25963,369
https://wooden-republic.backerkit.com/hosted_preorders,$29818,348
http://hitokori.com,$10840,52
https://nxn-merino-wool-kerchiefs-the-wearable-multi-tool.backerkit.com/hosted_preorders,$32252,452
http://igg.me/at/kusshi,$74460,473
http://www.maestrowatches.com,$23938,217
http://www.wandering.ink,$2026,46
http://www.raphaelqualitygoods.com,$5407,80
https://shop.trycelery.com/page/tailormagic,$1787,71
http://flipslips.myshopify.com/,$11507,170
http://www.jaeststudios.com,$5755,97
http://www.carbonfi.com/,$17614,182
http://www.berkshiresupply.co/earlybird.php,$4200,75
http://poofitforhair.com,$16835,334
http://www.colbornebag.com/products/bota,$10765,134
http://acemarks.com,$574368,2050
http://obscurebelts.com/dial,$10045,94
http://www.lazlo.co/heirloom-collection/,$30748,177
http://walletbuckle.com,$44611,587
http://www.pacificstandardtimecompany.com/shop-pacific/,$56681,275
http://articulatelifestyle.com/collections/clutch,$61289,1236
http://www.foreverhomeblankets.com,$3501,101
http://lagoaswimwear.com,$6176,97
https://your-new-favorite-dress.backerkit.com/hosted_preorders,$6216,75
http://lilytrotters.com,$46754,530
https://www.changetee.com.au,$6023,97
http://www.altocollective.com/,$21636,440
http://www.unstainable.ec/,$154788,873
https://www.suruclothing.com,$12914,145
http://www.mstrmndcollective.com,$17603,644
https://www.indiegogo.com/campaigns/stealth-socks-covertly-fresh-impeccably-styled-clothing/,$156180,2227
http://noblesole.com,$13665,56
http://www.modsock.com/collections/modsock,$9024,241
http://store.saflavor.com,$1312,55
http://www.beayesman.com,$10226,229
https://brass.backerkit.com/hosted_preorders,$27370,287
http://MFTI.ME,$108154,997
http://vincerocollective.com/,$29633,192
http://www.shoprameyrhodes.com,$7198,71
http://www.parrandcompany.com,$38036,210
http://Urbainmn.com/collections/,$15572,135
http://gofund.me/findingstength,$1178,28
http://www.preheels.com,$50749,558
http://vincerocollective.com/products/the-monarch-marble-collection,$55048,364
http://justcurves.net,$23358,152
http://doodledez.com,$3630,112
http://www.nv-tholder.com/en/,$58116,1733
http://www.inkkas.com,$105270,848
http://www.originalgrain.com/,$390977,2201
https://www.facebook.com/wule.fashion/,$4746,105
http://www.weartrim.com,$35490,266
http://www.westoakdesign.com,$1190,25
https://www.etsy.com/shop/LogicalHue,$4551,42
http://www.vorticwatches.com,$41035,113
http://www.fearlessplugs.com,$2746,60
https://sealshoecovers.com/shop,$27476,278
http://www.artistviewapparel.com/,$10057,129
http://www.hardinsoftgoods.com,$11357,131
http://www.hilittleone.com/,$46876,212
http://pinkuthefake.bigcartel.com,$501,12
http://www.theclipp.com/,$14287,147
